<?xml version="1.0" encoding="utf-8"?>
<ArrayOfArt xmlns:xsi="http://www.w3.org/2001/XMLSchema-instance" xmlns:xsd="http://www.w3.org/2001/XMLSchema">
<Art>
	  <ID>1</ID>
	   <Navn>Toppskarv</Navn>
	   <GroupId>1</GroupId>
	</Art>
	<Art>
	  <ID>2</ID>
	   <Navn>Storskarv</Navn>
	   <GroupId>1</GroupId>
	</Art>
	<Art>
	  <ID>3</ID>
	   <Navn>Kortnebbgås</Navn>
	   <GroupId>2</GroupId>
	</Art>
	<Art>
	  <ID>4</ID>
	   <Navn>Grågås</Navn>
	   <GroupId>2</GroupId>
	</Art>
	<Art>
	  <ID>5</ID>
	   <Navn>Stokkand</Navn>
	   <GroupId>2</GroupId>
	</Art>
	<Art>
	  <ID>6</ID>
	   <Navn>Krikkand</Navn>
	   <GroupId>2</GroupId>
	</Art>
	<Art>
	  <ID>7</ID>
	   <Navn>Brunnakke</Navn>
	   <GroupId>2</GroupId>
	</Art>
	<Art>
	  <ID>8</ID>
	   <Navn>Toppand</Navn>
	   <GroupId>2</GroupId>
	</Art>
	<Art>
	  <ID>9</ID>
	   <Navn>Havelle</Navn>
	   <GroupId>2</GroupId>
	</Art>
	<Art>
	  <ID>10</ID>
	   <Navn>Kvinand</Navn>
	   <GroupId>2</GroupId>
	</Art>
	<Art>
	  <ID>11</ID>
	   <Navn>Siland</Navn>
	   <GroupId>2</GroupId>
	</Art>
	<Art>
	  <ID>12</ID>
	   <Navn>Svartand</Navn>
	   <GroupId>2</GroupId>
	</Art>
	<Art>
	  <ID>13</ID>
	   <Navn>Laksand</Navn>
	   <GroupId>2</GroupId>
	</Art>
	<Art>
	  <ID>14</ID>
	   <Navn>Ærfugl</Navn>
	   <GroupId>2</GroupId>
	</Art>
	<Art>
	  <ID>15</ID>
	   <Navn>Jerpe</Navn>
	   <GroupId>3</GroupId>
	</Art>
	<Art>
	  <ID>16</ID>
	   <Navn>Orrfugl</Navn>
	   <GroupId>3</GroupId>
	</Art>
	<Art>
	  <ID>17</ID>
	   <Navn>Storfugl</Navn>
	   <GroupId>3</GroupId>
	</Art>
	<Art>
	  <ID>18</ID>
	   <Navn>Lirype</Navn>
	   <GroupId>3</GroupId>
	</Art>
	<Art>
	  <ID>19</ID>
	   <Navn>Fjellrype</Navn>
	   <GroupId>3</GroupId>
	</Art>
	<Art>
	  <ID>20</ID>
	   <Navn>Heilo</Navn>
	   <GroupId>4</GroupId>
	</Art>
	<Art>
	  <ID>21</ID>
	   <Navn>Enkeltbekkasin</Navn>
	   <GroupId>4</GroupId>
	</Art>
	<Art>
	  <ID>22</ID>
	   <Navn>Rugde</Navn>
	   <GroupId>4</GroupId>
	</Art>
	<Art>
	  <ID>23</ID>
	   <Navn>Fiskemåke</Navn>
	   <GroupId>4</GroupId>
	</Art>
	<Art>
	  <ID>24</ID>
	   <Navn>Gråmåke</Navn>
	   <GroupId>4</GroupId>
	</Art>
	<Art>
	  <ID>25</ID>
	   <Navn>Svartbak</Navn>
	   <GroupId>4</GroupId>
	</Art>
	<Art>
	  <ID>26</ID>
	   <Navn>Ringdue</Navn>
	   <GroupId>5</GroupId>
	</Art>
	<Art>
	  <ID>27</ID>
	   <Navn>Gråtrost</Navn>
	   <GroupId>5</GroupId>
	</Art>
	<Art>
	  <ID>28</ID>
	   <Navn>Rødvingetrost</Navn>
	   <GroupId>5</GroupId>
	</Art>
	<Art>
	  <ID>29</ID>
	   <Navn>Nøtteskrike</Navn>
	   <GroupId>5</GroupId>
	</Art>
	<Art>
	  <ID>30</ID>
	   <Navn>Skjære</Navn>
	   <GroupId>5</GroupId>
	</Art>
	<Art>
	  <ID>31</ID>
	   <Navn>Kråke</Navn>
	   <GroupId>5</GroupId>
	</Art>
	<Art>
	  <ID>32</ID>
	   <Navn>Ravn</Navn>
	   <GroupId>5</GroupId>
	</Art>
	<Art>
	  <ID>33</ID>
	   <Navn>Hare</Navn>
	   <GroupId>6</GroupId>
	</Art>
	<Art>
	  <ID>34</ID>
	   <Navn>Ekorn</Navn>
	   <GroupId>6</GroupId>
	</Art>
	<Art>
	  <ID>35</ID>
	   <Navn>Bever</Navn>
	   <GroupId>6</GroupId>
	</Art>
	<Art>
	  <ID>36</ID>
	   <Navn>Rødrev</Navn>
	   <GroupId>7</GroupId>
	</Art>
	<Art>
	  <ID>37</ID>
	   <Navn>Røyskatt</Navn>
	   <GroupId>7</GroupId>
	</Art>
	<Art>
	  <ID>38</ID>
	   <Navn>Mår</Navn>
	   <GroupId>7</GroupId>
	</Art>
	<Art>
	  <ID>39</ID>
	   <Navn>Grevling</Navn>
	   <GroupId>7</GroupId>
	</Art>
	<Art>
	  <ID>40</ID>
	   <Navn>Gaupe</Navn>
	   <GroupId>7</GroupId>
	</Art>
	<Art>
	  <ID>41</ID>
	   <Navn>Hjort</Navn>
	   <GroupId>8</GroupId>
	</Art>
	<Art>
	  <ID>42</ID>
	   <Navn>Elg</Navn>
	   <GroupId>8</GroupId>
	</Art>
	<Art>
	  <ID>43</ID>
	   <Navn>Rådyr</Navn>
	   <GroupId>8</GroupId>
	</Art>
	<Art>
	  <ID>44</ID>
	   <Navn>Villrein</Navn>
	   <GroupId>8</GroupId>
	</Art>
	<Art>
	  <ID>45</ID>
	   <Navn>Kanadagås</Navn>
	   <GroupId>9</GroupId>
	</Art>
	<Art>
	  <ID>46</ID>
	   <Navn>Stripegås</Navn>
	   <GroupId>9</GroupId>
	</Art>
	<Art>
	  <ID>47</ID>
	   <Navn>Knoppand (moskusand)</Navn>
	   <Wikinavn>Moskusand</Wikinavn>
	   <GroupId>9</GroupId>
	</Art>
	<Art>
	  <ID>48</ID>
	   <Navn>Mandarinand</Navn>
	   <GroupId>9</GroupId>
	</Art>
	<Art>
	  <ID>49</ID>
	   <Navn>Fasan</Navn>
	   <GroupId>9</GroupId>
	</Art>
	<Art>
	  <ID>50</ID>
	   <Navn>Sørhare</Navn>
	   <GroupId>9</GroupId>
	</Art>
	<Art>
	  <ID>51</ID>
	   <Navn>Viltlevende kanin</Navn>
	   <Wikinavn>Kanin</Wikinavn>
	   <GroupId>9</GroupId>
	</Art>
	<Art>
	  <ID>52</ID>
	   <Navn>Beverrotte</Navn>
	   <GroupId>9</GroupId>
	</Art>
	<Art>
	  <ID>53</ID>
	   <Navn>Bisamrotte</Navn>
	   <GroupId>9</GroupId>
	</Art>
	<Art>
	  <ID>54</ID>
	   <Navn>Mårhund</Navn>
	   <GroupId>9</GroupId>
	</Art>
	<Art>
	  <ID>55</ID>
	   <Navn>Villmink</Navn>
	   <GroupId>9</GroupId>
	</Art>
	<Art>
	  <ID>56</ID>
	   <Navn>Villsvin</Navn>
	   <GroupId>9</GroupId>
	</Art>
	<Art>
	  <ID>57</ID>
	   <Navn>Dåhjort</Navn>
	   <GroupId>9</GroupId>
	</Art>
	<Art>
	  <ID>58</ID>
	   <Navn>Muflon</Navn>
	   <GroupId>9</GroupId>
	</Art>
	<Art>
	  <ID>59</ID>
	   <Navn>Bjørn</Navn>
	   <Wikinavn>Bjørnefamilien</Wikinavn>
	   <GroupId>7</GroupId>
	</Art>
	<Art>
	  <ID>60</ID>
	   <Navn>Jerv</Navn>
	   <GroupId>7</GroupId>
	</Art>
</ArrayOfArt>